slug,game_name,iframe_url,image
nsync-pop,*NSYNC Pop,https://asccw.playngonetwork.com/casino/ContainerLauncher?pid=2&gid=nsyncpop&lang=en_GB&practice=1&channel=desktop&demo=2,nsync-pop.webp
15-crystal-roses-a-tale-of-love,15 Crystal Roses: A Tale of Love,https://asccw.playngonetwork.com/casino/ContainerLauncher?pid=2&gid=crystalroses&lang=en_GB&practice=1&channel=desktop&demo=2,15-crystal-roses--a-tale-of-love.webp
24k-dragon,24K Dragon,https://asccw.playngonetwork.com/casino/ContainerLauncher?pid=2&gid=twentyfourkdragon&lang=en_GB&practice=1&channel=desktop&demo=2,24k-dragon.webp
3-clown-monty,3 Clown Monty,https://asccw.playngonetwork.com/casino/ContainerLauncher?pid=2&gid=threeclownmonty&lang=en_GB&practice=1&channel=desktop&demo=2,3-clown-monty.webp
3-clown-monty-ii,3 Clown Monty II,https://asccw.playngonetwork.com/casino/ContainerLauncher?pid=2&gid=threeclownmonty2&lang=en_GB&practice=1&channel=desktop&demo=2,3-clown-monty-ii.webp
3-hand-casino-hold-em,3-Hand Casino Hold'em,https://asccw.playngonetwork.com/casino/ContainerLauncher?pid=2&gid=threehandholdem&lang=en_GB&practice=1&channel=desktop&demo=2,3-hand-casino-hold’em.webp
5x-magic,5x Magic,https://asccw.playngonetwork.com/casino/ContainerLauncher?pid=2&gid=5xmagic&lang=en_GB&practice=1&channel=desktop&demo=2,5x-magic.webp
7-sins,7 Sins,https://asccw.playngonetwork.com/casino/ContainerLauncher?pid=2&gid=sevensins&lang=en_GB&practice=1&channel=desktop&demo=2,7-sins.webp
ace-of-spades,Ace of Spades,https://asccw.playngonetwork.com/casino/ContainerLauncher?pid=2&gid=aceofspades&lang=en_GB&practice=1&channel=desktop&demo=2,ace-of-spades.webp
agent-destiny,Agent Destiny,https://asccw.playngonetwork.com/casino/ContainerLauncher?pid=2&gid=agentdestiny&lang=en_GB&practice=1&channel=desktop&demo=2,agent-destiny.webp
agent-of-hearts,Agent of Hearts,https://asccw.playngonetwork.com/casino/ContainerLauncher?pid=2&gid=agentofhearts&lang=en_GB&practice=1&channel=desktop&demo=2,agent-of-hearts.webp
alice-cooper-and-the-tome-of-madness,Alice Cooper and the Tome of Madness,https://asccw.playngonetwork.com/casino/ContainerLauncher?pid=2&gid=alicecooper&lang=en_GB&practice=1&channel=desktop&demo=2,alice-cooper-and-the-tome-of-madness.webp
animal-madness,Animal Madness,https://asccw.playngonetwork.com/casino/ContainerLauncher?pid=2&gid=animalmadness&lang=en_GB&practice=1&channel=desktop&demo=2,animal-madness.webp
ankh-of-anubis,Ankh of Anubis,https://asccw.playngonetwork.com/casino/ContainerLauncher?pid=2&gid=ankhofanubis&lang=en_GB&practice=1&channel=desktop&demo=2,ankh-of-anubis.webp
ankh-of-anubis-awakening,Ankh of Anubis Awakening,https://asccw.playngonetwork.com/casino/ContainerLauncher?pid=2&gid=ankhofanubisawakening&lang=en_GB&practice=1&channel=desktop&demo=2,ankh-of-anubis-awakening.webp
annihilator,Annihilator,https://asccw.playngonetwork.com/casino/ContainerLauncher?pid=2&gid=annihilator&lang=en_GB&practice=1&channel=desktop&demo=2,annihilator.webp
athena-ascending,Athena Ascending,https://asccw.playngonetwork.com/casino/ContainerLauncher?pid=2&gid=athenaascending&lang=en_GB&practice=1&channel=desktop&demo=2,athena-ascending.webp
aztec-idols,Aztec Idols,https://asccw.playngonetwork.com/casino/ContainerLauncher?pid=2&gid=aztecidols&lang=en_GB&practice=1&channel=desktop&demo=2,aztec-idols.webp
aztec-warrior-princess,Aztec Warrior Princess,https://asccw.playngonetwork.com/casino/ContainerLauncher?pid=2&gid=aztecwarriorprincess&lang=en_GB&practice=1&channel=desktop&demo=2,aztec-warrior-princess.webp
baker-s-treat,Baker's Treat,https://asccw.playngonetwork.com/casino/ContainerLauncher?pid=2&gid=bakerstreat&lang=en_GB&practice=1&channel=desktop&demo=2,baker’s-treat.webp
banana-rock,Banana Rock,https://asccw.playngonetwork.com/casino/ContainerLauncher?pid=2&gid=bananarock&lang=en_GB&practice=1&channel=desktop&demo=2,banana-rock.webp
banquet-of-dead,Banquet of Dead,https://asccw.playngonetwork.com/casino/ContainerLauncher?pid=2&gid=banquetofdead&lang=en_GB&practice=1&channel=desktop&demo=2,banquet-of-dead.webp
baron-lord-of-saturday,Baron: Lord of Saturday,https://asccw.playngonetwork.com/casino/ContainerLauncher?pid=2&gid=baronlordofsaturday&lang=en_GB&practice=1&channel=desktop&demo=2,baron--lord-of-saturday.webp
battle-royal,Battle Royal,https://asccw.playngonetwork.com/casino/ContainerLauncher?pid=2&gid=battleroyal&lang=en_GB&practice=1&channel=desktop&demo=2,battle-royal.webp
beast-of-wealth,Beast of Wealth,https://asccw.playngonetwork.com/casino/ContainerLauncher?pid=2&gid=beastofwealth&lang=en_GB&practice=1&channel=desktop&demo=2,beast-of-wealth.webp
beasts-of-fire,Beasts of Fire,https://asccw.playngonetwork.com/casino/ContainerLauncher?pid=2&gid=beastsoffire&lang=en_GB&practice=1&channel=desktop&demo=2,beasts-of-fire.webp
beasts-of-fire-maximum,Beasts of Fire Maximum,https://asccw.playngonetwork.com/casino/ContainerLauncher?pid=2&gid=beastsoffiremaximum&lang=en_GB&practice=1&channel=desktop&demo=2,beasts-of-fire-maximum.webp
bell-of-fortune,Bell of Fortune,https://asccw.playngonetwork.com/casino/ContainerLauncher?pid=2&gid=belloffortune&lang=en_GB&practice=1&channel=desktop&demo=2,bell-of-fortune.webp
big-win-777,Big Win 777,https://asccw.playngonetwork.com/casino/ContainerLauncher?pid=2&gid=bigwin777&lang=en_GB&practice=1&channel=desktop&demo=2,big-win-777.webp
big-win-cat,Big Win Cat,https://asccw.playngonetwork.com/casino/ContainerLauncher?pid=2&gid=bigwincat&lang=en_GB&practice=1&channel=desktop&demo=2,big-win-cat.webp
black-mamba,Black Mamba,https://asccw.playngonetwork.com/casino/ContainerLauncher?pid=2&gid=blackmamba&lang=en_GB&practice=1&channel=desktop&demo=2,black-mamba.webp
blackjack-mh,BlackJack MH,https://asccw.playngonetwork.com/casino/ContainerLauncher?pid=2&gid=blackjackmh&lang=en_GB&practice=1&channel=desktop&demo=2,blackjack-mh.webp
blazin-bullfrog,Blazin' Bullfrog,https://asccw.playngonetwork.com/casino/ContainerLauncher?pid=2&gid=blazinbullfrog&lang=en_GB&practice=1&channel=desktop&demo=2,blazin'-bullfrog.webp
blinged,Blinged,https://asccw.playngonetwork.com/casino/ContainerLauncher?pid=2&gid=blinged&lang=en_GB&practice=1&channel=desktop&demo=2,blinged.webp
boat-bonanza,Boat Bonanza,https://asccw.playngonetwork.com/casino/ContainerLauncher?pid=2&gid=boatbonanza&lang=en_GB&practice=1&channel=desktop&demo=2,boat-bonanza.webp
boat-bonanza-christmas,Boat Bonanza Christmas,https://released.playngonetwork.com/casino/ContainerLauncher?pid=2&gid=xmasboatbonanza&lang=en_GB&practice=1&channel=desktop&demo=2,boat-bonanza-christmas.webp
boat-bonanza-colossal-catch,Boat Bonanza Colossal Catch,https://asccw.playngonetwork.com/casino/ContainerLauncher?pid=2&gid=colossalcatch&lang=en_GB&practice=1&channel=desktop&demo=2,boat-bonanza-colossal-catch.webp
boat-bonanza-down-under,Boat Bonanza Down Under,https://asccw.playngonetwork.com/casino/ContainerLauncher?pid=2&gid=bonanzadownunder&lang=en_GB&practice=1&channel=desktop&demo=2,boat-bonanza-down-under.webp
bugs-party,Bugs Party,https://asccw.playngonetwork.com/casino/ContainerLauncher?pid=2&gid=bugsparty&lang=en_GB&practice=1&channel=desktop&demo=2,bugs-party.webp
buildin-bucks,Buildin' Bucks,https://asccw.playngonetwork.com/casino/ContainerLauncher?pid=2&gid=buildinbucks&lang=en_GB&practice=1&channel=desktop&demo=2,buildin’-bucks-.webp
bull-in-a-china-shop,Bull in a China Shop,https://asccw.playngonetwork.com/casino/ContainerLauncher?pid=2&gid=bullinachinashop&lang=en_GB&practice=1&channel=desktop&demo=2,bull-in-a-china-shop.webp
bull-in-a-rodeo,Bull in a Rodeo,https://asccw.playngonetwork.com/casino/ContainerLauncher?pid=2&gid=bullinarodeo&lang=en_GB&practice=1&channel=desktop&demo=2,bull-in-a-rodeo.webp
canine-carnage,Canine Carnage,https://asccw.playngonetwork.com/casino/ContainerLauncher?pid=2&gid=caninecarnage&lang=en_GB&practice=1&channel=desktop&demo=2,canine-carnage.webp
captain-glum-pirate-hunter,Captain Glum: Pirate Hunter,https://asccw.playngonetwork.com/casino/ContainerLauncher?pid=2&gid=piratehunter&lang=en_GB&practice=1&channel=desktop&demo=2,captain-glum--pirate-hunter.webp
captain-xeno-s-earth-adventure,Captain Xeno's Earth Adventure,https://asccw.playngonetwork.com/casino/ContainerLauncher?pid=2&gid=captxenosadventure&lang=en_GB&practice=1&channel=desktop&demo=2,captain-xeno’s-earth-adventure.webp
cash-of-command,Cash of Command,https://asccw.playngonetwork.com/casino/ContainerLauncher?pid=2&gid=cashofcommand&lang=en_GB&practice=1&channel=desktop&demo=2,cash-of-command.webp
cash-pump,Cash Pump,https://asccw.playngonetwork.com/casino/ContainerLauncher?pid=2&gid=cashpump&lang=en_GB&practice=1&channel=desktop&demo=2,cash-pump.webp
cash-vandal,Cash Vandal,https://asccw.playngonetwork.com/casino/ContainerLauncher?pid=2&gid=cashvandal&lang=en_GB&practice=1&channel=desktop&demo=2,cash-vandal.webp
cash-a-cabana,Cash-a-Cabana,https://asccw.playngonetwork.com/casino/ContainerLauncher?pid=2&gid=cashacabana&lang=en_GB&practice=1&channel=desktop&demo=2,cash-a-cabana.webp
casino-hold-em,Casino Hold'em,https://asccw.playngonetwork.com/casino/ContainerLauncher?pid=2&gid=casinoholdem&lang=en_GB&practice=1&channel=desktop&demo=2,casino-hold'em.webp
casino-stud-poker,Casino Stud Poker,https://asccw.playngonetwork.com/casino/ContainerLauncher?pid=2&gid=casinostudpoker&lang=en_GB&practice=1&channel=desktop&demo=2,casino-stud-poker.webp
cat-wilde-and-the-doom-of-dead,Cat Wilde and the Doom of Dead,https://asccw.playngonetwork.com/casino/ContainerLauncher?pid=2&gid=doomofdead&lang=en_GB&practice=1&channel=desktop&demo=2,cat-wilde-and-the-doom-of-dead.webp
cat-wilde-and-the-incan-quest,Cat Wilde and the Incan Quest,https://asccw.playngonetwork.com/casino/ContainerLauncher?pid=2&gid=incanquest&lang=en_GB&practice=1&channel=desktop&demo=2,cat-wilde-and-the-incan-quest.webp
cat-wilde-and-the-lost-chapter,Cat Wilde and the Lost Chapter,https://asccw.playngonetwork.com/casino/ContainerLauncher?pid=2&gid=lostchapter&lang=en_GB&practice=1&channel=desktop&demo=2,cat-wilde-and-the-lost-chapter.webp
cat-wilde-and-the-pyramids-of-dead,Cat Wilde and the Pyramids of Dead,https://asccw.playngonetwork.com/casino/ContainerLauncher?pid=2&gid=pyramidsofdead&lang=en_GB&practice=1&channel=desktop&demo=2,cat-wilde-and-the-pyramids-of-dead.webp
cat-wilde-in-the-eclipse-of-the-sun-god,Cat Wilde in the Eclipse of the Sun God,https://asccw.playngonetwork.com/casino/ContainerLauncher?pid=2&gid=catwildeeclipse&lang=en_GB&practice=1&channel=desktop&demo=2,cat-wilde-in-the-eclipse-of-the-sun-god.webp
cats-and-cash,Cats and Cash,https://asccw.playngonetwork.com/casino/ContainerLauncher?pid=2&gid=catsandcash&lang=en_GB&practice=1&channel=desktop&demo=2,cats-and-cash.webp
celebration-of-wealth,Celebration of Wealth,https://asccw.playngonetwork.com/casino/ContainerLauncher?pid=2&gid=celebrationofwealth&lang=en_GB&practice=1&channel=desktop&demo=2,celebration-of-wealth.webp
chambers-of-ancients,Chambers of Ancients,https://asccw.playngonetwork.com/casino/ContainerLauncher?pid=2&gid=chambersofancients&lang=en_GB&practice=1&channel=desktop&demo=2,chambers-of-ancients.webp
champions-of-mithrune,Champions of Mithrune,https://asccw.playngonetwork.com/casino/ContainerLauncher?pid=2&gid=championsofmithrune&lang=en_GB&practice=1&channel=desktop&demo=2,champions-of-mithrune.webp
charlie-chance,Charlie Chance,https://asccw.playngonetwork.com/casino/ContainerLauncher?pid=2&gid=charliechance&lang=en_GB&practice=1&channel=desktop&demo=2,charlie-chance.webp
charlie-chance-and-the-curse-of-cleopatra,Charlie Chance and the Curse of Cleopatra,https://asccw.playngonetwork.com/casino/ContainerLauncher?pid=2&gid=curseofcleopatra&lang=en_GB&practice=1&channel=desktop&demo=2,charlie-chance-and-the-curse-of-cleopatra.webp
charlie-chance-in-hell-to-pay,Charlie Chance in Hell to Pay,https://asccw.playngonetwork.com/casino/ContainerLauncher?pid=2&gid=charliechancehelltopay&lang=en_GB&practice=1&channel=desktop&demo=2,charlie-chance-in-hell-to-pay.webp
chinese-new-year,Chinese New Year,https://asccw.playngonetwork.com/casino/ContainerLauncher?pid=2&gid=chinesenewyear&lang=en_GB&practice=1&channel=desktop&demo=2,chinese-new-year.webp
chronos-joker,Chronos Joker,https://asccw.playngonetwork.com/casino/ContainerLauncher?pid=2&gid=chronosjoker&lang=en_GB&practice=1&channel=desktop&demo=2,chronos-joker.webp
clash-of-camelot,Clash of Camelot,https://asccw.playngonetwork.com/casino/ContainerLauncher?pid=2&gid=clashofcamelot&lang=en_GB&practice=1&channel=desktop&demo=2,clash-of-camelot.webp
cloud-quest,Cloud Quest,https://asccw.playngonetwork.com/casino/ContainerLauncher?pid=2&gid=cloudquest&lang=en_GB&practice=1&channel=desktop&demo=2,cloud-quest.webp
coils-of-cash,Coils of Cash,https://asccw.playngonetwork.com/casino/ContainerLauncher?pid=2&gid=coilsofcash&lang=en_GB&practice=1&channel=desktop&demo=2,coils-of-cash.webp
colt-lightning,Colt Lightning,https://asccw.playngonetwork.com/casino/ContainerLauncher?pid=2&gid=coltlightning&lang=en_GB&practice=1&channel=desktop&demo=2,colt-lightning.webp
colt-lightning-firestorm,Colt Lightning Firestorm,https://asccw.playngonetwork.com/casino/ContainerLauncher?pid=2&gid=coltlightningfirestorm&lang=en_GB&practice=1&channel=desktop&demo=2,colt-lightning-firestorm.webp
contact,Contact,https://asccw.playngonetwork.com/casino/ContainerLauncher?pid=2&gid=contact&lang=en_GB&practice=1&channel=desktop&demo=2,contact.webp
cops-n-robbers,Cops 'n' Robbers,https://asccw.playngonetwork.com/casino/ContainerLauncher?pid=2&gid=copsnrobbers&lang=en_GB&practice=1&channel=desktop&demo=2,cops-’n’-robbers.webp
count-jokula,Count Jokula,https://asccw.playngonetwork.com/casino/ContainerLauncher?pid=2&gid=countjokula&lang=en_GB&practice=1&channel=desktop&demo=2,count-jokula.webp
court-of-hearts,Court of Hearts,https://asccw.playngonetwork.com/casino/ContainerLauncher?pid=2&gid=courtofhearts&lang=en_GB&practice=1&channel=desktop&demo=2,court-of-hearts.webp
coywolf-cash,Coywolf Cash,https://asccw.playngonetwork.com/casino/ContainerLauncher?pid=2&gid=coywolfcash&lang=en_GB&practice=1&channel=desktop&demo=2,coywolf-cash.webp
craps,Craps,https://asccw.playngonetwork.com/casino/ContainerLauncher?pid=2&gid=craps&lang=en_GB&practice=1&channel=desktop&demo=2,craps.webp
crazy-cows,Crazy Cows,https://asccw.playngonetwork.com/casino/ContainerLauncher?pid=2&gid=crazycows&lang=en_GB&practice=1&channel=desktop&demo=2,crazy-cows.webp
crystal-sun,Crystal Sun,https://asccw.playngonetwork.com/casino/ContainerLauncher?pid=2&gid=crystalsun&lang=en_GB&practice=1&channel=desktop&demo=2,crystal-sun.webp
danish-flip,Danish Flip,https://asccw.playngonetwork.com/casino/ContainerLauncher?pid=2&gid=danishflip&lang=en_GB&practice=1&channel=desktop&demo=2,danish-flip.webp
dansband-pa-turne,Dansband På Turné,https://asccw.playngonetwork.com/casino/ContainerLauncher?pid=2&gid=dansband&lang=en_GB&practice=1&channel=desktop&demo=2,dansband-på-turné.webp
dawn-of-egypt,Dawn of Egypt,https://asccw.playngonetwork.com/casino/ContainerLauncher?pid=2&gid=dawnofegypt&lang=en_GB&practice=1&channel=desktop&demo=2,dawn-of-egypt.webp
def-leppard-hysteria,Def Leppard Hysteria,https://asccw.playngonetwork.com/casino/ContainerLauncher?pid=2&gid=defleppard&lang=en_GB&practice=1&channel=desktop&demo=2,def-leppard-hysteria.webp
demon,Demon,https://asccw.playngonetwork.com/casino/ContainerLauncher?pid=2&gid=demon&lang=en_GB&practice=1&channel=desktop&demo=2,demon.webp
derby-wheel,Derby Wheel,https://asccw.playngonetwork.com/casino/ContainerLauncher?pid=2&gid=derbywheel&lang=en_GB&practice=1&channel=desktop&demo=2,derby-wheel.webp
diamond-vortex,Diamond Vortex,https://asccw.playngonetwork.com/casino/ContainerLauncher?pid=2&gid=diamondvortex&lang=en_GB&practice=1&channel=desktop&demo=2,diamond-vortex.webp
diamonds-of-the-realm,Diamonds of the Realm,https://asccw.playngonetwork.com/casino/ContainerLauncher?pid=2&gid=diamondsoftherealm&lang=en_GB&practice=1&channel=desktop&demo=2,diamonds-of-the-realm.webp
dio-killing-the-dragon,Dio - Killing the Dragon,https://asccw.playngonetwork.com/casino/ContainerLauncher?pid=2&gid=dio&lang=en_GB&practice=1&channel=desktop&demo=2,dio-killing-the-dragon.webp
disco-diamonds,Disco Diamonds,https://asccw.playngonetwork.com/casino/ContainerLauncher?pid=2&gid=discodiamonds&lang=en_GB&practice=1&channel=desktop&demo=2,disco-diamonds.webp
divine-divas,Divine Divas,https://asccw.playngonetwork.com/casino/ContainerLauncher?pid=2&gid=divinedivas&lang=en_GB&practice=1&channel=desktop&demo=2,divine-divas.webp
divine-showdown,Divine Showdown,https://asccw.playngonetwork.com/casino/ContainerLauncher?pid=2&gid=divineshowdown&lang=en_GB&practice=1&channel=desktop&demo=2,divine-showdown.webp
doom-of-egypt,Doom of Egypt,https://asccw.playngonetwork.com/casino/ContainerLauncher?pid=2&gid=doomofegypt&lang=en_GB&practice=1&channel=desktop&demo=2,doom-of-egypt.webp
double-exposure-blackjack,Double Exposure BlackJack,https://asccw.playngonetwork.com/casino/ContainerLauncher?pid=2&gid=doubleexposureblackjackmh&lang=en_GB&practice=1&channel=desktop&demo=2,double-exposure-blackjack.webp
dr-toonz,Dr Toonz,https://asccw.playngonetwork.com/casino/ContainerLauncher?pid=2&gid=drtoonz&lang=en_GB&practice=1&channel=desktop&demo=2,dr-toonz.webp
dragon-maiden,Dragon Maiden,https://asccw.playngonetwork.com/casino/ContainerLauncher?pid=2&gid=dragonmaiden&lang=en_GB&practice=1&channel=desktop&demo=2,dragon-maiden.webp
dragon-ship,Dragon Ship,https://asccw.playngonetwork.com/casino/ContainerLauncher?pid=2&gid=dragonship&lang=en_GB&practice=1&channel=desktop&demo=2,dragon-ship.webp
easter-eggs,Easter Eggs,https://asccw.playngonetwork.com/casino/ContainerLauncher?pid=2&gid=eastereggs&lang=en_GB&practice=1&channel=desktop&demo=2,easter-eggs.webp
easter-eggspedition,Easter Eggspedition,https://asccw.playngonetwork.com/casino/ContainerLauncher?pid=2&gid=eastereggspedition&lang=en_GB&practice=1&channel=desktop&demo=2,easter-eggspedition.webp
enchanted-crystals,Enchanted Crystals,https://asccw.playngonetwork.com/casino/ContainerLauncher?pid=2&gid=enchantedcrystals&lang=en_GB&practice=1&channel=desktop&demo=2,enchanted-crystals.webp
enchanted-meadow,Enchanted Meadow,https://asccw.playngonetwork.com/casino/ContainerLauncher?pid=2&gid=enchantedmeadow&lang=en_GB&practice=1&channel=desktop&demo=2,enchanted-meadow.webp
energoonz,Energoonz,https://asccw.playngonetwork.com/casino/ContainerLauncher?pid=2&gid=energoonz&lang=en_GB&practice=1&channel=desktop&demo=2,energoonz.webp
european-blackjack-mh,European BlackJack MH,https://asccw.playngonetwork.com/casino/ContainerLauncher?pid=2&gid=europeanblackjackmh&lang=en_GB&practice=1&channel=desktop&demo=2,european-blackjack-mh.webp
european-roulette-pro,European Roulette Pro,https://asccw.playngonetwork.com/casino/ContainerLauncher?pid=2&gid=europeanroulettepro&lang=en_GB&practice=1&channel=desktop&demo=2,european-roulette-pro.webp
eye-of-atum,Eye of Atum,https://asccw.playngonetwork.com/casino/ContainerLauncher?pid=2&gid=eyeofatum&lang=en_GB&practice=1&channel=desktop&demo=2,eye-of-atum.webp
eye-of-the-kraken,Eye of the Kraken,https://asccw.playngonetwork.com/casino/ContainerLauncher?pid=2&gid=eyeofthekraken&lang=en_GB&practice=1&channel=desktop&demo=2,eye-of-the-kraken.webp
fat-frankies,Fat Frankies,https://asccw.playngonetwork.com/casino/ContainerLauncher?pid=2&gid=fatfrankies&lang=en_GB&practice=1&channel=desktop&demo=2,fat-frankies.webp
feline-fury,Feline Fury,https://asccw.playngonetwork.com/casino/ContainerLauncher?pid=2&gid=felinefury&lang=en_GB&practice=1&channel=desktop&demo=2,feline-fury.webp
fire-joker,Fire Joker,https://asccw.playngonetwork.com/casino/ContainerLauncher?pid=2&gid=firejoker&lang=en_GB&practice=1&channel=desktop&demo=2,fire-joker.webp
fire-joker-freeze,Fire Joker Freeze,https://asccw.playngonetwork.com/casino/ContainerLauncher?pid=2&gid=firejokerfreeze&lang=en_GB&practice=1&channel=desktop&demo=2,fire-joker-freeze.webp
fire-toad,Fire Toad,https://asccw.playngonetwork.com/casino/ContainerLauncher?pid=2&gid=firetoad&lang=en_GB&practice=1&channel=desktop&demo=2,fire-toad.webp
firefly-frenzy,Firefly Frenzy,https://asccw.playngonetwork.com/casino/ContainerLauncher?pid=2&gid=fireflyfrenzy&lang=en_GB&practice=1&channel=desktop&demo=2,firefly-frenzy.webp
flying-pigs,Flying Pigs,https://asccw.playngonetwork.com/casino/ContainerLauncher?pid=2&gid=flyingpigs&lang=en_GB&practice=1&channel=desktop&demo=2,flying-pigs.webp
forge-of-fortunes,Forge of Fortunes,https://asccw.playngonetwork.com/casino/ContainerLauncher?pid=2&gid=forgeoffortunes&lang=en_GB&practice=1&channel=desktop&demo=2,forge-of-fortunes.webp
forge-of-gems,Forge of Gems,https://asccw.playngonetwork.com/casino/ContainerLauncher?pid=2&gid=forgeofgems&lang=en_GB&practice=1&channel=desktop&demo=2,forge-of-gems.webp
fortune-rewind,Fortune Rewind,https://asccw.playngonetwork.com/casino/ContainerLauncher?pid=2&gid=fortunerewind&lang=en_GB&practice=1&channel=desktop&demo=2,fortune-rewind.webp
fortune-teller,Fortune Teller,https://asccw.playngonetwork.com/casino/ContainerLauncher?pid=2&gid=fortuneteller&lang=en_GB&practice=1&channel=desktop&demo=2,fortune-teller.webp
fortunes-of-ali-baba,Fortunes of Ali Baba,https://asccw.playngonetwork.com/casino/ContainerLauncher?pid=2&gid=fortunesofalibaba&lang=en_GB&practice=1&channel=desktop&demo=2,fortunes-of-ali-baba.webp
fox-mayhem,Fox Mayhem,https://asccw.playngonetwork.com/casino/ContainerLauncher?pid=2&gid=foxmayhem&lang=en_GB&practice=1&channel=desktop&demo=2,fox-mayhem.webp
free-reelin-joker,Free Reelin Joker,https://asccw.playngonetwork.com/casino/ContainerLauncher?pid=2&gid=freereelinjoker&lang=en_GB&practice=1&channel=desktop&demo=2,free-reelin-joker.webp
free-reelin-joker-1000,Free Reelin' Joker 1000,https://asccw.playngonetwork.com/casino/ContainerLauncher?pid=2&gid=freereelinjoker1000&lang=en_GB&practice=1&channel=desktop&demo=2,free-reelin'-joker-1000.webp
frozen-gems,Frozen Gems,https://asccw.playngonetwork.com/casino/ContainerLauncher?pid=2&gid=frozengems&lang=en_GB&practice=1&channel=desktop&demo=2,frozen-gems.webp
fruit-bonanza,Fruit Bonanza,https://asccw.playngonetwork.com/casino/ContainerLauncher?pid=2&gid=fruitbonanza&lang=en_GB&practice=1&channel=desktop&demo=2,fruit-bonanza.webp
fu-er-dai,FU ER DAI,https://asccw.playngonetwork.com/casino/ContainerLauncher?pid=2&gid=fuerdai&lang=en_GB&practice=1&channel=desktop&demo=2,fu-er-dai.webp
fulong-88,Fulong 88,https://asccw.playngonetwork.com/casino/ContainerLauncher?pid=2&gid=fulong88&lang=en_GB&practice=1&channel=desktop&demo=2,fulong-88.webp
game-of-gladiators,Game of Gladiators,https://asccw.playngonetwork.com/casino/ContainerLauncher?pid=2&gid=gameofgladiators&lang=en_GB&practice=1&channel=desktop&demo=2,game-of-gladiators.webp
game-of-gladiators-uprising,Game of Gladiators: Uprising,https://asccw.playngonetwork.com/casino/ContainerLauncher?pid=2&gid=gameofgladiatorsuprising&lang=en_GB&practice=1&channel=desktop&demo=2,game-of-gladiators--uprising.webp
gargantoonz,Gargantoonz,https://asccw.playngonetwork.com/casino/ContainerLauncher?pid=2&gid=gargantoonz&lang=en_GB&practice=1&channel=desktop&demo=2,gargantoonz.webp
gates-of-troy,Gates of Troy,https://asccw.playngonetwork.com/casino/ContainerLauncher?pid=2&gid=gatesoftroy&lang=en_GB&practice=1&channel=desktop&demo=2,gates-of-troy.webp
gemix,Gemix,https://asccw.playngonetwork.com/casino/ContainerLauncher?pid=2&gid=gemix&lang=en_GB&practice=1&channel=desktop&demo=2,gemix.webp
gemix-100,Gemix 100,https://asccw.playngonetwork.com/casino/ContainerLauncher?pid=2&gid=gemix100&lang=en_GB&practice=1&channel=desktop&demo=2,gemix-100-.webp
gemix-2,Gemix 2,https://asccw.playngonetwork.com/casino/ContainerLauncher?pid=2&gid=gemix2&lang=en_GB&practice=1&channel=desktop&demo=2,gemix-2.webp
gerard-s-gambit,Gerard's Gambit,https://asccw.playngonetwork.com/casino/ContainerLauncher?pid=2&gid=gerardsgambit&lang=en_GB&practice=1&channel=desktop&demo=2,gerard's-gambit.webp
ghost-of-dead,Ghost of Dead,https://asccw.playngonetwork.com/casino/ContainerLauncher?pid=2&gid=ghostofdead&lang=en_GB&practice=1&channel=desktop&demo=2,ghost-of-dead.webp
gift-shop,Gift Shop,https://asccw.playngonetwork.com/casino/ContainerLauncher?pid=2&gid=giftshop&lang=en_GB&practice=1&channel=desktop&demo=2,gift-shop.webp
gigantoonz,Gigantoonz,https://asccw.playngonetwork.com/casino/ContainerLauncher?pid=2&gid=gigantoonz&lang=en_GB&practice=1&channel=desktop&demo=2,gigantoonz.webp
gold-king,Gold King,https://asccw.playngonetwork.com/casino/ContainerLauncher?pid=2&gid=goldking&lang=en_GB&practice=1&channel=desktop&demo=2,gold-king.webp
gold-of-fortune-god,Gold of Fortune God,https://asccw.playngonetwork.com/casino/ContainerLauncher?pid=2&gid=goldoffortunegod&lang=en_GB&practice=1&channel=desktop&demo=2,gold-of-fortune-god.webp
gold-trophy-2,Gold Trophy 2,https://asccw.playngonetwork.com/casino/ContainerLauncher?pid=2&gid=goldtrophy2&lang=en_GB&practice=1&channel=desktop&demo=2,gold-trophy-2.webp
gold-volcano,Gold Volcano,https://asccw.playngonetwork.com/casino/ContainerLauncher?pid=2&gid=goldvolcano&lang=en_GB&practice=1&channel=desktop&demo=2,gold-volcano.webp
golden-caravan,Golden Caravan,https://asccw.playngonetwork.com/casino/ContainerLauncher?pid=2&gid=goldencaravan&lang=en_GB&practice=1&channel=desktop&demo=2,golden-caravan.webp
golden-colts,Golden Colts,https://asccw.playngonetwork.com/casino/ContainerLauncher?pid=2&gid=goldencolts&lang=en_GB&practice=1&channel=desktop&demo=2,golden-colts.webp
golden-goal,Golden Goal,https://asccw.playngonetwork.com/casino/ContainerLauncher?pid=2&gid=goldengoal&lang=en_GB&practice=1&channel=desktop&demo=2,golden-goal.webp
golden-legend,Golden Legend,https://asccw.playngonetwork.com/casino/ContainerLauncher?pid=2&gid=goldenlegend&lang=en_GB&practice=1&channel=desktop&demo=2,golden-legend.webp
golden-osiris,Golden Osiris,https://asccw.playngonetwork.com/casino/ContainerLauncher?pid=2&gid=goldenosiris&lang=en_GB&practice=1&channel=desktop&demo=2,golden-osiris.webp
golden-ticket,Golden Ticket,https://asccw.playngonetwork.com/casino/ContainerLauncher?pid=2&gid=goldenticket&lang=en_GB&practice=1&channel=desktop&demo=2,golden-ticket.webp
golden-ticket-2,Golden Ticket 2,https://asccw.playngonetwork.com/casino/ContainerLauncher?pid=2&gid=goldenticket2&lang=en_GB&practice=1&channel=desktop&demo=2,golden-ticket-2.webp
grim-muerto,Grim Muerto,https://asccw.playngonetwork.com/casino/ContainerLauncher?pid=2&gid=grimmuerto&lang=en_GB&practice=1&channel=desktop&demo=2,grim-muerto.webp
gunslinger-reloaded,Gunslinger Reloaded,https://asccw.playngonetwork.com/casino/ContainerLauncher?pid=2&gid=gunslingerreloaded&lang=en_GB&practice=1&channel=desktop&demo=2,gunslinger-reloaded.webp
hammerfall,Hammerfall,https://asccw.playngonetwork.com/casino/ContainerLauncher?pid=2&gid=hammerfall&lang=en_GB&practice=1&channel=desktop&demo=2,hammerfall.webp
happy-halloween,Happy Halloween,https://asccw.playngonetwork.com/casino/ContainerLauncher?pid=2&gid=happyhalloween&lang=en_GB&practice=1&channel=desktop&demo=2,happy-halloween.webp
helloween,Helloween,https://asccw.playngonetwork.com/casino/ContainerLauncher?pid=2&gid=helloween&lang=en_GB&practice=1&channel=desktop&demo=2,helloween.webp
highway-legends,Highway Legends,https://asccw.playngonetwork.com/casino/ContainerLauncher?pid=2&gid=highwaylegends&lang=en_GB&practice=1&channel=desktop&demo=2,highway-legends-.webp
holiday-season,Holiday Season,https://asccw.playngonetwork.com/casino/ContainerLauncher?pid=2&gid=holidayseason&lang=en_GB&practice=1&channel=desktop&demo=2,holiday-season.webp
holiday-spirits,Holiday Spirits,https://asccw.playngonetwork.com/casino/ContainerLauncher?pid=2&gid=holidayspirits&lang=en_GB&practice=1&channel=desktop&demo=2,holiday-spirits.webp
honey-rush,Honey Rush,https://asccw.playngonetwork.com/casino/ContainerLauncher?pid=2&gid=honeyrush&lang=en_GB&practice=1&channel=desktop&demo=2,honey-rush.webp
honey-rush-100,Honey Rush 100,https://asccw.playngonetwork.com/casino/ContainerLauncher?pid=2&gid=honeyrush100&lang=en_GB&practice=1&channel=desktop&demo=2,honey-rush-100.webp
hooligan-hustle,Hooligan Hustle,https://asccw.playngonetwork.com/casino/ContainerLauncher?pid=2&gid=hooliganhustle&lang=en_GB&practice=1&channel=desktop&demo=2,hooligan-hustle.webp
hotel-yeti-way,Hotel Yeti-Way,https://asccw.playngonetwork.com/casino/ContainerLauncher?pid=2&gid=hotelyetiway&lang=en_GB&practice=1&channel=desktop&demo=2,hotel-yeti-way.webp
house-of-doom,House of Doom,https://asccw.playngonetwork.com/casino/ContainerLauncher?pid=2&gid=houseofdoom&lang=en_GB&practice=1&channel=desktop&demo=2,house-of-doom.webp
house-of-doom-2-the-crypt,House of Doom 2: The Crypt,https://asccw.playngonetwork.com/casino/ContainerLauncher?pid=2&gid=thecrypt&lang=en_GB&practice=1&channel=desktop&demo=2,house-of-doom-2--the-crypt.webp
hugo,Hugo,https://asccw.playngonetwork.com/casino/ContainerLauncher?pid=2&gid=hugo&lang=en_GB&practice=1&channel=desktop&demo=2,hugo.webp
hugo-2,Hugo 2,https://asccw.playngonetwork.com/casino/ContainerLauncher?pid=2&gid=hugotwo&lang=en_GB&practice=1&channel=desktop&demo=2,hugo-2.webp
hugo-carts,Hugo Carts,https://asccw.playngonetwork.com/casino/ContainerLauncher?pid=2&gid=hugocarts&lang=en_GB&practice=1&channel=desktop&demo=2,hugo-carts.webp
hugo-goal,Hugo Goal,https://asccw.playngonetwork.com/casino/ContainerLauncher?pid=2&gid=hugogoal&lang=en_GB&practice=1&channel=desktop&demo=2,hugo-goal.webp
hugo-legacy,Hugo Legacy,https://asccw.playngonetwork.com/casino/ContainerLauncher?pid=2&gid=hugolegacy&lang=en_GB&practice=1&channel=desktop&demo=2,hugo-legacy.webp
hugo-s-adventure,Hugo's Adventure,https://asccw.playngonetwork.com/casino/ContainerLauncher?pid=2&gid=hugosadventure&lang=en_GB&practice=1&channel=desktop&demo=2,hugo’s-adventure.webp
ice-joker,Ice Joker,https://asccw.playngonetwork.com/casino/ContainerLauncher?pid=2&gid=icejoker&lang=en_GB&practice=1&channel=desktop&demo=2,ice-joker.webp
idol-of-fortune,Idol of Fortune,https://asccw.playngonetwork.com/casino/ContainerLauncher?pid=2&gid=idoloffortune&lang=en_GB&practice=1&channel=desktop&demo=2,idol-of-fortune.webp
immortails-of-egypt,ImmorTails of Egypt,https://asccw.playngonetwork.com/casino/ContainerLauncher?pid=2&gid=immortails&lang=en_GB&practice=1&channel=desktop&demo=2,immortails-of-egypt.webp
imperial-opera,Imperial Opera,https://asccw.playngonetwork.com/casino/ContainerLauncher?pid=2&gid=imperialopera&lang=en_GB&practice=1&channel=desktop&demo=2,imperial-opera.webp
inferno-joker,Inferno Joker,https://asccw.playngonetwork.com/casino/ContainerLauncher?pid=2&gid=infernojoker&lang=en_GB&practice=1&channel=desktop&demo=2,inferno-joker.webp
inferno-star,Inferno Star,https://asccw.playngonetwork.com/casino/ContainerLauncher?pid=2&gid=infernostar&lang=en_GB&practice=1&channel=desktop&demo=2,inferno-star.webp
invading-vegas,Invading Vegas,https://asccw.playngonetwork.com/casino/ContainerLauncher?pid=2&gid=invadingvegas&lang=en_GB&practice=1&channel=desktop&demo=2,invading-vegas.webp
invading-vegas-las-christmas,Invading Vegas Las Christmas,https://asccw.playngonetwork.com/casino/ContainerLauncher?pid=2&gid=laschristmas&lang=en_GB&practice=1&channel=desktop&demo=2,invading-vegas-las-christmas.webp
irish-gold,Irish Gold,https://asccw.playngonetwork.com/casino/ContainerLauncher?pid=2&gid=irishgold&lang=en_GB&practice=1&channel=desktop&demo=2,irish-gold.webp
iron-girl,Iron Girl,https://asccw.playngonetwork.com/casino/ContainerLauncher?pid=2&gid=irongirl&lang=en_GB&practice=1&channel=desktop&demo=2,iron-girl.webp
jade-magician,Jade Magician,https://asccw.playngonetwork.com/casino/ContainerLauncher?pid=2&gid=jademagician&lang=en_GB&practice=1&channel=desktop&demo=2,jade-magician.webp
jewel-box,Jewel Box,https://asccw.playngonetwork.com/casino/ContainerLauncher?pid=2&gid=jewelbox&lang=en_GB&practice=1&channel=desktop&demo=2,jewel-box.webp
joker-flip,Joker Flip,https://asccw.playngonetwork.com/casino/ContainerLauncher?pid=2&gid=jokerflip&lang=en_GB&practice=1&channel=desktop&demo=2,joker-flip.webp
jolly-roger,Jolly Roger,https://asccw.playngonetwork.com/casino/ContainerLauncher?pid=2&gid=jollyroger&lang=en_GB&practice=1&channel=desktop&demo=2,jolly-roger.webp
jolly-roger-2,Jolly Roger 2,https://asccw.playngonetwork.com/casino/ContainerLauncher?pid=2&gid=jollyroger2&lang=en_GB&practice=1&channel=desktop&demo=2,jolly-roger-2.webp
journey-to-paris,Journey to Paris,https://asccw.playngonetwork.com/casino/ContainerLauncher?pid=2&gid=journeytoparis&lang=en_GB&practice=1&channel=desktop&demo=2,journey-to-paris.webp
keno,Keno,https://asccw.playngonetwork.com/casino/ContainerLauncher?pid=2&gid=keno&lang=en_GB&practice=1&channel=desktop&demo=2,keno.webp
king-s-mask,King's Mask,https://asccw.playngonetwork.com/casino/ContainerLauncher?pid=2&gid=kingsmask&lang=en_GB&practice=1&channel=desktop&demo=2,king's-mask.webp
king-s-mask-eclipse-of-gods,King's Mask Eclipse of Gods,https://asccw.playngonetwork.com/casino/ContainerLauncher?pid=2&gid=kingsmaskeclipse&lang=en_GB&practice=1&channel=desktop&demo=2,king’s-mask-eclipse-of-gods.webp
kingdom-below,Kingdom Below,https://asccw.playngonetwork.com/casino/ContainerLauncher?pid=2&gid=kingdombelow&lang=en_GB&practice=1&channel=desktop&demo=2,kingdom-below.webp
kiss-reels-of-rock,KISS Reels of Rock,https://asccw.playngonetwork.com/casino/ContainerLauncher?pid=2&gid=kissreelsofrock&lang=en_GB&practice=1&channel=desktop&demo=2,kiss-reels-of-rock.webp
lady-of-fortune,Lady of Fortune,https://asccw.playngonetwork.com/casino/ContainerLauncher?pid=2&gid=ladyoffortune&lang=en_GB&practice=1&channel=desktop&demo=2,lady-of-fortune.webp
lady-of-fortune-remastered,Lady of Fortune Remastered,https://asccw.playngonetwork.com/casino/ContainerLauncher?pid=2&gid=ladyoffortune&lang=en_GB&practice=1&channel=desktop&demo=2,lady-of-fortune-remastered.webp
legacy-of-dead,Legacy of Dead,https://asccw.playngonetwork.com/casino/ContainerLauncher?pid=2&gid=legacyofdead&lang=en_GB&practice=1&channel=desktop&demo=2,legacy-of-dead.webp
legacy-of-dynasties,Legacy of Dynasties,https://asccw.playngonetwork.com/casino/ContainerLauncher?pid=2&gid=legacyofdynasties&lang=en_GB&practice=1&channel=desktop&demo=2,legacy-of-dynasties-.webp
legacy-of-egypt,Legacy of Egypt,https://asccw.playngonetwork.com/casino/ContainerLauncher?pid=2&gid=legacyofegypt&lang=en_GB&practice=1&channel=desktop&demo=2,legacy-of-egypt.webp
legacy-of-inca,Legacy of Inca,https://asccw.playngonetwork.com/casino/ContainerLauncher?pid=2&gid=legacyofinca&lang=en_GB&practice=1&channel=desktop&demo=2,legacy-of-inca.webp
legend-of-the-ice-dragon,Legend of the Ice Dragon,https://asccw.playngonetwork.com/casino/ContainerLauncher?pid=2&gid=legendoftheicedragon&lang=en_GB&practice=1&channel=desktop&demo=2,legend-of-the-ice-dragon.webp
legion-gold,Legion Gold,https://asccw.playngonetwork.com/casino/ContainerLauncher?pid=2&gid=legiongold&lang=en_GB&practice=1&channel=desktop&demo=2,legion-gold.webp
legion-gold-and-the-sphinx-of-dead,Legion Gold and the Sphinx of Dead,https://asccw.playngonetwork.com/casino/ContainerLauncher?pid=2&gid=sphinxofdead&lang=en_GB&practice=1&channel=desktop&demo=2,legion-gold-and-the-sphinx-of-dead.webp
legion-gold-unleashed,Legion Gold Unleashed,https://asccw.playngonetwork.com/casino/ContainerLauncher?pid=2&gid=legiongoldunleashed&lang=en_GB&practice=1&channel=desktop&demo=2,legion-gold-unleashed.webp
leprechaun-goes-egypt,Leprechaun goes Egypt,https://asccw.playngonetwork.com/casino/ContainerLauncher?pid=2&gid=leprechaungoesegypt&lang=en_GB&practice=1&channel=desktop&demo=2,leprechaun-goes-egypt.webp
leprechaun-goes-to-hell,Leprechaun goes to Hell,https://asccw.playngonetwork.com/casino/ContainerLauncher?pid=2&gid=leprechaungoestohell&lang=en_GB&practice=1&channel=desktop&demo=2,leprechaun-goes-to-hell.webp
leprechaun-goes-wild,Leprechaun Goes Wild,https://asccw.playngonetwork.com/casino/ContainerLauncher?pid=2&gid=leprechaungoeswild&lang=en_GB&practice=1&channel=desktop&demo=2,leprechaun-goes-wild.webp
leprechaun-s-vault,Leprechaun's Vault,https://asccw.playngonetwork.com/casino/ContainerLauncher?pid=2&gid=leprechaunsvault&lang=en_GB&practice=1&channel=desktop&demo=2,leprechaun's-vault.webp
lord-merlin-and-the-lady-of-the-lake,Lord Merlin and the Lady of the Lake,https://asccw.playngonetwork.com/casino/ContainerLauncher?pid=2&gid=ladyofthelake&lang=en_GB&practice=1&channel=desktop&demo=2,lord-merlin-and-the-lady-of-the-lake.webp
lordi-reel-monsters,Lordi Reel Monsters,https://asccw.playngonetwork.com/casino/ContainerLauncher?pid=2&gid=lordi&lang=en_GB&practice=1&channel=desktop&demo=2,lordi-reel-monsters.webp
love-is-in-the-fair,Love is in the Fair,https://asccw.playngonetwork.com/casino/ContainerLauncher?pid=2&gid=loveisinthefair&lang=en_GB&practice=1&channel=desktop&demo=2,love-is-in-the-fair.webp
love-joker,Love Joker,https://asccw.playngonetwork.com/casino/ContainerLauncher?pid=2&gid=lovejoker&lang=en_GB&practice=1&channel=desktop&demo=2,love-joker.webp
luchamigos,Luchamigos,https://asccw.playngonetwork.com/casino/ContainerLauncher?pid=2&gid=luchamigos&lang=en_GB&practice=1&channel=desktop&demo=2,luchamigos.webp
lucky-diamonds,Lucky Diamonds,https://asccw.playngonetwork.com/casino/ContainerLauncher?pid=2&gid=luckydiamonds&lang=en_GB&practice=1&channel=desktop&demo=2,lucky-diamonds.webp
madame-ink,Madame Ink,https://asccw.playngonetwork.com/casino/ContainerLauncher?pid=2&gid=madameink&lang=en_GB&practice=1&channel=desktop&demo=2,madame-ink.webp
mafia-gold,Mafia Gold,https://asccw.playngonetwork.com/casino/ContainerLauncher?pid=2&gid=mafiagold&lang=en_GB&practice=1&channel=desktop&demo=2,mafia-gold .webp
mahjong-88,Mahjong 88,https://asccw.playngonetwork.com/casino/ContainerLauncher?pid=2&gid=mahjong88&lang=en_GB&practice=1&channel=desktop&demo=2,mahjong-88.webp
matsuri,Matsuri,https://asccw.playngonetwork.com/casino/ContainerLauncher?pid=2&gid=matsuri&lang=en_GB&practice=1&channel=desktop&demo=2,matsuri.webp
mega-don,Mega Don,https://asccw.playngonetwork.com/casino/ContainerLauncher?pid=2&gid=megadon&lang=en_GB&practice=1&channel=desktop&demo=2,mega-don.webp
mega-don-feeding-frenzy,Mega Don Feeding Frenzy,https://asccw.playngonetwork.com/casino/ContainerLauncher?pid=2&gid=megadonfeedingfrenzy&lang=en_GB&practice=1&channel=desktop&demo=2,mega-don-feeding-frenzy.webp
merlin-and-the-ice-queen-morgana,Merlin and the Ice Queen Morgana,https://asccw.playngonetwork.com/casino/ContainerLauncher?pid=2&gid=icequeenmorgana&lang=en_GB&practice=1&channel=desktop&demo=2,merlin-and-the-ice-queen-morgana.webp
merlin-realm-of-charm,Merlin Realm of Charm,https://asccw.playngonetwork.com/casino/ContainerLauncher?pid=2&gid=merlinrealmofcharm&lang=en_GB&practice=1&channel=desktop&demo=2,merlin-realm-of-charm.webp
merlin-journey-of-flame,Merlin: Journey of Flame,https://asccw.playngonetwork.com/casino/ContainerLauncher?pid=2&gid=journeyofflame&lang=en_GB&practice=1&channel=desktop&demo=2,merlin--journey-of-flame.webp
merlin-s-grimoire,Merlin's Grimoire,https://asccw.playngonetwork.com/casino/ContainerLauncher?pid=2&gid=merlinsgrimoire&lang=en_GB&practice=1&channel=desktop&demo=2,merlin’s-grimoire-.webp
mermaid-s-diamond,Mermaid's Diamond,https://asccw.playngonetwork.com/casino/ContainerLauncher?pid=2&gid=mermaidsdiamond&lang=en_GB&practice=1&channel=desktop&demo=2,mermaid’s-diamond.webp
merry-xmas,Merry Xmas,https://asccw.playngonetwork.com/casino/ContainerLauncher?pid=2&gid=merryxmas&lang=en_GB&practice=1&channel=desktop&demo=2,merry-xmas.webp
miner-donkey-trouble,Miner Donkey Trouble,https://asccw.playngonetwork.com/casino/ContainerLauncher?pid=2&gid=minerdonkeytrouble&lang=en_GB&practice=1&channel=desktop&demo=2,miner-donkey-trouble.webp
mini-baccarat,Mini Baccarat,https://asccw.playngonetwork.com/casino/ContainerLauncher?pid=2&gid=minibaccarat&lang=en_GB&practice=1&channel=desktop&demo=2,mini-baccarat.webp
mirror-joker,Mirror Joker,https://asccw.playngonetwork.com/casino/ContainerLauncher?pid=2&gid=mirrorjoker&lang=en_GB&practice=1&channel=desktop&demo=2,mirror-joker.webp
mission-cash,Mission Cash,https://asccw.playngonetwork.com/casino/ContainerLauncher?pid=2&gid=missioncash&lang=en_GB&practice=1&channel=desktop&demo=2,mission-cash.webp
money-wheel,Money Wheel,https://asccw.playngonetwork.com/casino/ContainerLauncher?pid=2&gid=moneywheel&lang=en_GB&practice=1&channel=desktop&demo=2,money-wheel.webp
monkey-battle-for-the-scrolls,Monkey Battle for the Scrolls,https://asccw.playngonetwork.com/casino/ContainerLauncher?pid=2&gid=monkeyscrolls&lang=en_GB&practice=1&channel=desktop&demo=2,monkey-battle-for-the-scrolls.webp
moon-princess,Moon Princess,https://asccw.playngonetwork.com/casino/ContainerLauncher?pid=2&gid=moonprincess&lang=en_GB&practice=1&channel=desktop&demo=2,moon-princess.webp
moon-princess-100,Moon Princess 100,https://asccw.playngonetwork.com/casino/ContainerLauncher?pid=2&gid=moonprincess100&lang=en_GB&practice=1&channel=desktop&demo=2,moon-princess-100.webp
moon-princess-power-of-love,Moon Princess Power of Love,https://asccw.playngonetwork.com/casino/ContainerLauncher?pid=2&gid=poweroflove&lang=en_GB&practice=1&channel=desktop&demo=2,moon-princess-power-of-love.webp
moon-princess-trinity,Moon Princess Trinity,https://asccw.playngonetwork.com/casino/ContainerLauncher?pid=2&gid=moonprincesstrinity&lang=en_GB&practice=1&channel=desktop&demo=2,moon-princess-trinity.webp
moon-princess-christmas-kingdom,Moon Princess: Christmas Kingdom,https://asccw.playngonetwork.com/casino/ContainerLauncher?pid=2&gid=moonprincesschristmaskingdom&lang=en_GB&practice=1&channel=desktop&demo=2,moon-princess--christmas-kingdom.webp
motley-crue,Mötley Crüe,https://asccw.playngonetwork.com/casino/ContainerLauncher?pid=2&gid=motleycrue&lang=en_GB&practice=1&channel=desktop&demo=2,mötley-crüe.webp
mount-m,Mount M,https://asccw.playngonetwork.com/casino/ContainerLauncher?pid=2&gid=mountm&lang=en_GB&practice=1&channel=desktop&demo=2,mount-m.webp
muerto-en-mictlan,Muerto en Mictlán,https://asccw.playngonetwork.com/casino/ContainerLauncher?pid=2&gid=muertoenmictlan&lang=en_GB&practice=1&channel=desktop&demo=2,muerto-en-mictlán-.webp
multifruit-81,Multifruit 81,https://asccw.playngonetwork.com/casino/ContainerLauncher?pid=2&gid=multifruit81&lang=en_GB&practice=1&channel=desktop&demo=2,multifruit-81.webp
mystery-genie-fortunes-of-the-lamp,Mystery Genie Fortunes of the Lamp,https://asccw.playngonetwork.com/casino/ContainerLauncher?pid=2&gid=mysterygenie&lang=en_GB&practice=1&channel=desktop&demo=2,mystery-genie-fortunes-of-the-lamp.webp
mystery-joker,Mystery Joker,https://asccw.playngonetwork.com/casino/ContainerLauncher?pid=2&gid=mysteryjoker&lang=en_GB&practice=1&channel=desktop&demo=2,mystery-joker.webp
mystery-joker-6000,Mystery Joker 6000,https://asccw.playngonetwork.com/casino/ContainerLauncher?pid=2&gid=mysteryjoker6000&lang=en_GB&practice=1&channel=desktop&demo=2,mystery-joker-6000.webp
myth,MYTH,https://asccw.playngonetwork.com/casino/ContainerLauncher?pid=2&gid=myth&lang=en_GB&practice=1&channel=desktop&demo=2,myth.webp
naughty-nick-s-book,Naughty Nick's Book,https://asccw.playngonetwork.com/casino/ContainerLauncher?pid=2&gid=naughtynicksbook&lang=en_GB&practice=1&channel=desktop&demo=2,naughty-nick's-book.webp
new-year-riches,New Year Riches,https://asccw.playngonetwork.com/casino/ContainerLauncher?pid=2&gid=newyearriches&lang=en_GB&practice=1&channel=desktop&demo=2,new-year-riches.webp
ninja-fruits,Ninja Fruits,https://asccw.playngonetwork.com/casino/ContainerLauncher?pid=2&gid=ninjafruits&lang=en_GB&practice=1&channel=desktop&demo=2,ninja-fruits.webp
oasis-of-dead,Oasis of Dead,https://asccw.playngonetwork.com/casino/ContainerLauncher?pid=2&gid=oasisofdead&lang=en_GB&practice=1&channel=desktop&demo=2,oasis-of-dead.webp
octopus-treasure,Octopus Treasure,https://asccw.playngonetwork.com/casino/ContainerLauncher?pid=2&gid=octopustreasure&lang=en_GB&practice=1&channel=desktop&demo=2,octopus-treasure.webp
odin-protector-of-realms,Odin Protector of Realms,https://asccw.playngonetwork.com/casino/ContainerLauncher?pid=2&gid=odinprotectorofrealms&lang=en_GB&practice=1&channel=desktop&demo=2,odin-protector-of-realms.webp
pack-cash,Pack & Cash,https://asccw.playngonetwork.com/casino/ContainerLauncher?pid=2&gid=packandcash&lang=en_GB&practice=1&channel=desktop&demo=2,pack-&-cash.webp
pandastic-adventure,Pandastic Adventure,https://asccw.playngonetwork.com/casino/ContainerLauncher?pid=2&gid=pandasticadventure&lang=en_GB&practice=1&channel=desktop&demo=2,pandastic-adventure.webp
pandora-s-box-of-evil,Pandora's Box of Evil,https://asccw.playngonetwork.com/casino/ContainerLauncher?pid=2&gid=pandorasboxofevil&lang=en_GB&practice=1&channel=desktop&demo=2,pandora's-box-of-evil.webp
pearl-lagoon,Pearl Lagoon,https://asccw.playngonetwork.com/casino/ContainerLauncher?pid=2&gid=pearllagoon&lang=en_GB&practice=1&channel=desktop&demo=2,pearl-lagoon.webp
pearls-of-india,Pearls of India,https://asccw.playngonetwork.com/casino/ContainerLauncher?pid=2&gid=pearlsofindia&lang=en_GB&practice=1&channel=desktop&demo=2,pearls-of-india.webp
perfect-gems,Perfect Gems,https://asccw.playngonetwork.com/casino/ContainerLauncher?pid=2&gid=perfectgems&lang=en_GB&practice=1&channel=desktop&demo=2,perfect-gems.webp
phoenix-reborn,Phoenix Reborn,https://asccw.playngonetwork.com/casino/ContainerLauncher?pid=2&gid=phoenixreborn&lang=en_GB&practice=1&channel=desktop&demo=2,phoenix-reborn.webp
photo-safari,Photo Safari,https://asccw.playngonetwork.com/casino/ContainerLauncher?pid=2&gid=photosafari&lang=en_GB&practice=1&channel=desktop&demo=2,photo-safari.webp
piggy-bank-farm,Piggy Bank Farm,https://asccw.playngonetwork.com/casino/ContainerLauncher?pid=2&gid=piggybankfarm&lang=en_GB&practice=1&channel=desktop&demo=2,piggy-bank-farm.webp
piggy-blitz,Piggy Blitz,https://asccw.playngonetwork.com/casino/ContainerLauncher?pid=2&gid=piggyblitz&lang=en_GB&practice=1&channel=desktop&demo=2,piggy-blitz.webp
piggy-blitz-disco-gold,Piggy Blitz Disco Gold,https://asccw.playngonetwork.com/casino/ContainerLauncher?pid=2&gid=discogold&lang=en_GB&practice=1&channel=desktop&demo=2,piggy-blitz-disco-gold.webp
pilgrim-of-dead,Pilgrim of Dead,https://asccw.playngonetwork.com/casino/ContainerLauncher?pid=2&gid=pilgrimofdead&lang=en_GB&practice=1&channel=desktop&demo=2,pilgrim-of-dead.webp
pimped,Pimped,https://asccw.playngonetwork.com/casino/ContainerLauncher?pid=2&gid=pimped&lang=en_GB&practice=1&channel=desktop&demo=2,pimped.webp
piranha-pays,Piranha Pays,https://asccw.playngonetwork.com/casino/ContainerLauncher?pid=2&gid=piranhapays&lang=en_GB&practice=1&channel=desktop&demo=2,piranha-pays.webp
planet-fortune,Planet Fortune,https://asccw.playngonetwork.com/casino/ContainerLauncher?pid=2&gid=planetfortune&lang=en_GB&practice=1&channel=desktop&demo=2,planet-fortune.webp
prism-of-gems,Prism of Gems,https://asccw.playngonetwork.com/casino/ContainerLauncher?pid=2&gid=prismofgems&lang=en_GB&practice=1&channel=desktop&demo=2,prism-of-gems.webp
prissy-princess,Prissy Princess,https://asccw.playngonetwork.com/casino/ContainerLauncher?pid=2&gid=prissyprincess&lang=en_GB&practice=1&channel=desktop&demo=2,prissy-princess.webp
prosperity-palace,Prosperity Palace,https://asccw.playngonetwork.com/casino/ContainerLauncher?pid=2&gid=prosperitypalace&lang=en_GB&practice=1&channel=desktop&demo=2,prosperity-palace.webp
puebla-parade,Puebla Parade,https://asccw.playngonetwork.com/casino/ContainerLauncher?pid=2&gid=pueblaparade&lang=en_GB&practice=1&channel=desktop&demo=2,puebla-parade.webp
queen-s-day-tilt,Queen's Day Tilt,https://asccw.playngonetwork.com/casino/ContainerLauncher?pid=2&gid=queensdaytilt&lang=en_GB&practice=1&channel=desktop&demo=2,queen’s-day-tilt.webp
rabbit-hole-riches,Rabbit Hole Riches,https://asccw.playngonetwork.com/casino/ContainerLauncher?pid=2&gid=rabbitholeriches&lang=en_GB&practice=1&channel=desktop&demo=2,rabbit-hole-riches.webp
rage-to-riches,Rage to Riches,https://asccw.playngonetwork.com/casino/ContainerLauncher?pid=2&gid=ragetoriches&lang=en_GB&practice=1&channel=desktop&demo=2,rage-to-riches.webp
raging-rex,Raging Rex,https://asccw.playngonetwork.com/casino/ContainerLauncher?pid=2&gid=ragingrex&lang=en_GB&practice=1&channel=desktop&demo=2,raging-rex.webp
raging-rex-2,Raging Rex 2,https://asccw.playngonetwork.com/casino/ContainerLauncher?pid=2&gid=ragingrex2&lang=en_GB&practice=1&channel=desktop&demo=2,raging-rex-2.webp
raging-rex-3,Raging Rex 3,https://asccw.playngonetwork.com/casino/ContainerLauncher?pid=2&gid=ragingrex3&lang=en_GB&practice=1&channel=desktop&demo=2,raging-rex-3.webp
rainforest-magic,Rainforest Magic,https://asccw.playngonetwork.com/casino/ContainerLauncher?pid=2&gid=rainforestmagic&lang=en_GB&practice=1&channel=desktop&demo=2,rainforest-magic.webp
rainforest-magic-bingo,Rainforest Magic Bingo,https://asccw.playngonetwork.com/casino/ContainerLauncher?pid=2&gid=rainforestmagicbingo&lang=en_GB&practice=1&channel=desktop&demo=2,rainforest-magic-bingo.webp
rally-4-riches,Rally 4 Riches,https://asccw.playngonetwork.com/casino/ContainerLauncher?pid=2&gid=rally4riches&lang=en_GB&practice=1&channel=desktop&demo=2,rally-4-riches.webp
rascal-riches,Rascal Riches,https://asccw.playngonetwork.com/casino/ContainerLauncher?pid=2&gid=rascalriches&lang=en_GB&practice=1&channel=desktop&demo=2,rascal-riches.webp
reactoonz,Reactoonz,https://asccw.playngonetwork.com/casino/ContainerLauncher?pid=2&gid=reactoonz&lang=en_GB&practice=1&channel=desktop&demo=2,reactoonz.webp
reactoonz-2,Reactoonz 2,https://asccw.playngonetwork.com/casino/ContainerLauncher?pid=2&gid=reactoonztwo&lang=en_GB&practice=1&channel=desktop&demo=2,reactoonz-2.webp
return-of-the-green-knight,Return of the Green Knight,https://asccw.playngonetwork.com/casino/ContainerLauncher?pid=2&gid=returnofthegreenknight&lang=en_GB&practice=1&channel=desktop&demo=2,return-of-the-green-knight.webp
rich-wilde-and-the-amulet-of-dead,Rich Wilde and the Amulet of Dead,https://asccw.playngonetwork.com/casino/ContainerLauncher?pid=2&gid=amuletofdead&lang=en_GB&practice=1&channel=desktop&demo=2,rich-wilde-and-the-amulet-of-dead.webp
rich-wilde-and-the-book-of-dead,Rich Wilde and the Book of Dead,https://asccw.playngonetwork.com/casino/ContainerLauncher?pid=2&gid=richwildeandthebookofdead&lang=en_GB&practice=1&channel=desktop&demo=2,rich-wilde-and-the-book-of-dead.webp
rich-wilde-and-the-pearls-of-vishnu,Rich Wilde and the Pearls of Vishnu,https://asccw.playngonetwork.com/casino/ContainerLauncher?pid=2&gid=pearlsofvishnu&lang=en_GB&practice=1&channel=desktop&demo=2,rich-wilde-and-the-pearls-of-vishnu.webp
rich-wilde-and-the-shield-of-athena,Rich Wilde and the Shield of Athena,https://asccw.playngonetwork.com/casino/ContainerLauncher?pid=2&gid=shieldofathena&lang=en_GB&practice=1&channel=desktop&demo=2,rich-wilde-and-the-shield-of-athena.webp
rich-wilde-and-the-tome-of-insanity,Rich Wilde and the Tome of Insanity,https://asccw.playngonetwork.com/casino/ContainerLauncher?pid=2&gid=tomeofinsanity&lang=en_GB&practice=1&channel=desktop&demo=2,rich-wilde-and-the-tome-of-insanity.webp
rich-wilde-and-the-tome-of-madness,Rich Wilde and the Tome of Madness,https://asccw.playngonetwork.com/casino/ContainerLauncher?pid=2&gid=tomeofmadness&lang=en_GB&practice=1&channel=desktop&demo=2,rich-wilde-and-the-tome-of-madness.webp
rich-wilde-and-the-wandering-city,Rich Wilde and the Wandering City,https://asccw.playngonetwork.com/casino/ContainerLauncher?pid=2&gid=wanderingcity&lang=en_GB&practice=1&channel=desktop&demo=2,rich-wilde-and-the-wandering-city-------.webp
riches-of-ra,Riches of Ra,https://asccw.playngonetwork.com/casino/ContainerLauncher?pid=2&gid=richesofra&lang=en_GB&practice=1&channel=desktop&demo=2,riches-of-ra.webp
riches-of-robin,Riches of Robin,https://asccw.playngonetwork.com/casino/ContainerLauncher?pid=2&gid=richesofrobin&lang=en_GB&practice=1&channel=desktop&demo=2,riches-of-robin.webp
riddle-reels-a-case-of-riches,Riddle Reels: A Case of Riches,https://asccw.playngonetwork.com/casino/ContainerLauncher?pid=2&gid=riddlereels&lang=en_GB&practice=1&channel=desktop&demo=2,riddle-reels--a-case-of-riches.webp
ring-of-odin,Ring of Odin,https://asccw.playngonetwork.com/casino/ContainerLauncher?pid=2&gid=ringofodin&lang=en_GB&practice=1&channel=desktop&demo=2,ring-of-odin.webp
rise-of-athena,Rise of Athena,https://asccw.playngonetwork.com/casino/ContainerLauncher?pid=2&gid=riseofathena&lang=en_GB&practice=1&channel=desktop&demo=2,rise-of-athena.webp
rise-of-dead,Rise of Dead,https://asccw.playngonetwork.com/casino/ContainerLauncher?pid=2&gid=riseofdead&lang=en_GB&practice=1&channel=desktop&demo=2,rise-of-dead.webp
rise-of-gods-reckoning,Rise of Gods: Reckoning,https://asccw.playngonetwork.com/casino/ContainerLauncher?pid=2&gid=riseofgodsreckoning&lang=en_GB&practice=1&channel=desktop&demo=2,rise-of-gods--reckoning.webp
rise-of-merlin,Rise of Merlin,https://asccw.playngonetwork.com/casino/ContainerLauncher?pid=2&gid=riseofmerlin&lang=en_GB&practice=1&channel=desktop&demo=2,rise-of-merlin.webp
rise-of-olympus,Rise of Olympus,https://asccw.playngonetwork.com/casino/ContainerLauncher?pid=2&gid=riseofolympus&lang=en_GB&practice=1&channel=desktop&demo=2,rise-of-olympus.webp
rise-of-olympus-100,Rise of Olympus 100,https://asccw.playngonetwork.com/casino/ContainerLauncher?pid=2&gid=riseofolympus100&lang=en_GB&practice=1&channel=desktop&demo=2,rise-of-olympus-100.webp
rise-of-olympus-origins,Rise of Olympus Origins,https://asccw.playngonetwork.com/casino/ContainerLauncher?pid=2&gid=riseofolympusorigins&lang=en_GB&practice=1&channel=desktop&demo=2,rise-of-olympus-origins.webp
rocco-gallo,Rocco Gallo,https://asccw.playngonetwork.com/casino/ContainerLauncher?pid=2&gid=roccogallo&lang=en_GB&practice=1&channel=desktop&demo=2,rocco-gallo.webp
ronin-s-honour,Ronin's Honour,https://asccw.playngonetwork.com/casino/ContainerLauncher?pid=2&gid=roninshonour&lang=en_GB&practice=1&channel=desktop&demo=2,ronin's-honour.webp
rotiki,Rotiki,https://asccw.playngonetwork.com/casino/ContainerLauncher?pid=2&gid=rotiki&lang=en_GB&practice=1&channel=desktop&demo=2,rotiki.webp
royal-masquerade,Royal Masquerade,https://asccw.playngonetwork.com/casino/ContainerLauncher?pid=2&gid=masquerade&lang=en_GB&practice=1&channel=desktop&demo=2,royal-masquerade.webp
ruff-heist,Ruff Heist,https://asccw.playngonetwork.com/casino/ContainerLauncher?pid=2&gid=ruffheist&lang=en_GB&practice=1&channel=desktop&demo=2,ruff-heist.webp
sabaton,Sabaton,https://asccw.playngonetwork.com/casino/ContainerLauncher?pid=2&gid=sabaton&lang=en_GB&practice=1&channel=desktop&demo=2,sabaton.webp
safari-of-wealth,Safari of Wealth,https://asccw.playngonetwork.com/casino/ContainerLauncher?pid=2&gid=safariofwealth&lang=en_GB&practice=1&channel=desktop&demo=2,safari-of-wealth.webp
sails-of-gold,Sails of Gold,https://asccw.playngonetwork.com/casino/ContainerLauncher?pid=2&gid=sailsofgold&lang=en_GB&practice=1&channel=desktop&demo=2,sails-of-gold.webp
samba-carnival,Samba Carnival,https://asccw.playngonetwork.com/casino/ContainerLauncher?pid=2&gid=sambacarnival&lang=en_GB&practice=1&channel=desktop&demo=2,samba-carnival.webp
saxon,Saxon,https://asccw.playngonetwork.com/casino/ContainerLauncher?pid=2&gid=saxon&lang=en_GB&practice=1&channel=desktop&demo=2,saxon.webp
scales-of-dead,Scales of Dead,https://asccw.playngonetwork.com/casino/ContainerLauncher?pid=2&gid=scalesofdead&lang=en_GB&practice=1&channel=desktop&demo=2,scales-of-dead.webp
scourge-of-rome,Scourge of Rome,https://asccw.playngonetwork.com/casino/ContainerLauncher?pid=2&gid=scourgeofrome&lang=en_GB&practice=1&channel=desktop&demo=2,scourge-of-rome.webp
scroll-of-dead,Scroll of Dead,https://asccw.playngonetwork.com/casino/ContainerLauncher?pid=2&gid=scrollofdead&lang=en_GB&practice=1&channel=desktop&demo=2,scroll-of-dead.webp
scroll-of-seth,Scroll of Seth,https://asccw.playngonetwork.com/casino/ContainerLauncher?pid=2&gid=scrollofseth&lang=en_GB&practice=1&channel=desktop&demo=2,scroll-of-seth.webp
sea-hunter,Sea Hunter,https://asccw.playngonetwork.com/casino/ContainerLauncher?pid=2&gid=seahunter&lang=en_GB&practice=1&channel=desktop&demo=2,sea-hunter.webp
secret-of-dead,Secret of Dead,https://asccw.playngonetwork.com/casino/ContainerLauncher?pid=2&gid=secretofdead&lang=en_GB&practice=1&channel=desktop&demo=2,secret-of-dead.webp
shamrock-miner,Shamrock Miner,https://asccw.playngonetwork.com/casino/ContainerLauncher?pid=2&gid=shamrockminer&lang=en_GB&practice=1&channel=desktop&demo=2,shamrock-miner.webp
sherwood-gold,Sherwood Gold,https://asccw.playngonetwork.com/casino/ContainerLauncher?pid=2&gid=sherwoodgold&lang=en_GB&practice=1&channel=desktop&demo=2,sherwood-gold.webp
shimmering-woods,Shimmering Woods,https://asccw.playngonetwork.com/casino/ContainerLauncher?pid=2&gid=shimmeringwoods&lang=en_GB&practice=1&channel=desktop&demo=2,shimmering-woods.webp
single-deck-blackjack,Single Deck BlackJack,https://asccw.playngonetwork.com/casino/ContainerLauncher?pid=2&gid=singledeckblackjackmh&lang=en_GB&practice=1&channel=desktop&demo=2,single-deck-blackjack.webp
sisters-of-the-sun,Sisters of the Sun,https://asccw.playngonetwork.com/casino/ContainerLauncher?pid=2&gid=sistersofthesun&lang=en_GB&practice=1&channel=desktop&demo=2,sisters-of-the-sun.webp
sizzling-spins,Sizzling Spins,https://asccw.playngonetwork.com/casino/ContainerLauncher?pid=2&gid=sizzlingspins&lang=en_GB&practice=1&channel=desktop&demo=2,sizzling-spins.webp
slashimi,Slashimi,https://asccw.playngonetwork.com/casino/ContainerLauncher?pid=2&gid=slashimi&lang=en_GB&practice=1&channel=desktop&demo=2,slashimi.webp
sobek-s-godly-spins,Sobek's Godly Spins,https://released.playngonetwork.com/casino/ContainerLauncher?pid=2&gid=sobekspin&lang=en_GB&practice=1&channel=desktop&demo=2,sobek's-godly-spins.webp
space-race,Space Race,https://asccw.playngonetwork.com/casino/ContainerLauncher?pid=2&gid=spacerace&lang=en_GB&practice=1&channel=desktop&demo=2,space-race.webp
spark-of-genius,Spark of Genius,https://asccw.playngonetwork.com/casino/ContainerLauncher?pid=2&gid=sparkofgenius&lang=en_GB&practice=1&channel=desktop&demo=2,spark-of-genius.webp
sparky-shortz,Sparky & Shortz,https://asccw.playngonetwork.com/casino/ContainerLauncher?pid=2&gid=sparkyandshortz&lang=en_GB&practice=1&channel=desktop&demo=2,sparky-&-shortz.webp
sparky-shortz-hidden-joules,Sparky & Shortz Hidden Joules,https://asccw.playngonetwork.com/casino/ContainerLauncher?pid=2&gid=hiddenjoules&lang=en_GB&practice=1&channel=desktop&demo=2,sparky-&-shortz-hidden-joules.webp
speed-cash,Speed Cash,https://asccw.playngonetwork.com/casino/ContainerLauncher?pid=2&gid=speedcash&lang=en_GB&practice=1&channel=desktop&demo=2,speed-cash.webp
spin-party,Spin Party,https://asccw.playngonetwork.com/casino/ContainerLauncher?pid=2&gid=spinparty&lang=en_GB&practice=1&channel=desktop&demo=2,spin-party.webp
star-joker,Star Joker,https://asccw.playngonetwork.com/casino/ContainerLauncher?pid=2&gid=starjoker&lang=en_GB&practice=1&channel=desktop&demo=2,star-joker.webp
stepping-diamonds,Stepping Diamonds,https://asccw.playngonetwork.com/casino/ContainerLauncher?pid=2&gid=steppingdiamonds&lang=en_GB&practice=1&channel=desktop&demo=2,stepping-diamonds.webp
sticky-joker,Sticky Joker,https://asccw.playngonetwork.com/casino/ContainerLauncher?pid=2&gid=stickyjoker&lang=en_GB&practice=1&channel=desktop&demo=2,sticky-joker.webp
street-magic,Street Magic,https://asccw.playngonetwork.com/casino/ContainerLauncher?pid=2&gid=streetmagic&lang=en_GB&practice=1&channel=desktop&demo=2,street-magic.webp
super-flip,Super Flip,https://asccw.playngonetwork.com/casino/ContainerLauncher?pid=2&gid=superflip&lang=en_GB&practice=1&channel=desktop&demo=2,super-flip.webp
super-wheel,Super Wheel,https://asccw.playngonetwork.com/casino/ContainerLauncher?pid=2&gid=superwheel&lang=en_GB&practice=1&channel=desktop&demo=2,super-wheel.webp
sweet-27,Sweet 27,https://asccw.playngonetwork.com/casino/ContainerLauncher?pid=2&gid=sweet27&lang=en_GB&practice=1&channel=desktop&demo=2,sweet-27.webp
sweet-alchemy,Sweet Alchemy,https://asccw.playngonetwork.com/casino/ContainerLauncher?pid=2&gid=sweetalchemy&lang=en_GB&practice=1&channel=desktop&demo=2,sweet-alchemy.webp
sweet-alchemy-100,Sweet Alchemy 100,https://asccw.playngonetwork.com/casino/ContainerLauncher?pid=2&gid=sweetalchemy100&lang=en_GB&practice=1&channel=desktop&demo=2,sweet-alchemy-100.webp
sweet-alchemy-2,Sweet Alchemy 2,https://asccw.playngonetwork.com/casino/ContainerLauncher?pid=2&gid=sweetalchemy2&lang=en_GB&practice=1&channel=desktop&demo=2,sweet-alchemy-2.webp
sweet-alchemy-bingo,Sweet Alchemy Bingo,https://asccw.playngonetwork.com/casino/ContainerLauncher?pid=2&gid=sweetalchemybingo&lang=en_GB&practice=1&channel=desktop&demo=2,sweet-alchemy-bingo.webp
tale-of-kyubiko,Tale of Kyubiko,https://asccw.playngonetwork.com/casino/ContainerLauncher?pid=2&gid=taleofkyubiko&lang=en_GB&practice=1&channel=desktop&demo=2,tale-of-kyubiko.webp
tales-of-asgard-freya-s-wedding,Tales of Asgard: Freya's Wedding,https://asccw.playngonetwork.com/casino/ContainerLauncher?pid=2&gid=freyaswedding&lang=en_GB&practice=1&channel=desktop&demo=2,tales-of-asgard--freya's-wedding.webp
tales-of-asgard-loki-s-fortune,Tales of Asgard: Loki's Fortune,https://asccw.playngonetwork.com/casino/ContainerLauncher?pid=2&gid=lokisfortune&lang=en_GB&practice=1&channel=desktop&demo=2,tales-of-asgard--loki's-fortune.webp
tales-of-mithrune-syn-s-fortune,Tales of Mithrune Syn's Fortune,https://asccw.playngonetwork.com/casino/ContainerLauncher?pid=2&gid=synsfortune&lang=en_GB&practice=1&channel=desktop&demo=2,tales-of-mithrune-syn’s-fortune.webp
temple-of-prosperity,Temple of Prosperity,https://asccw.playngonetwork.com/casino/ContainerLauncher?pid=2&gid=templeofprosperity&lang=en_GB&practice=1&channel=desktop&demo=2,temple-of-prosperity.webp
temple-of-tollan,Temple of Tollan,https://asccw.playngonetwork.com/casino/ContainerLauncher?pid=2&gid=templeoftollan&lang=en_GB&practice=1&channel=desktop&demo=2,temple-of-tollan.webp
temple-of-wealth,Temple of Wealth,https://asccw.playngonetwork.com/casino/ContainerLauncher?pid=2&gid=templeofwealth&lang=en_GB&practice=1&channel=desktop&demo=2,temple-of-wealth.webp
ternion,Ternion,https://asccw.playngonetwork.com/casino/ContainerLauncher?pid=2&gid=ternion&lang=en_GB&practice=1&channel=desktop&demo=2,ternion.webp
testament,Testament,https://asccw.playngonetwork.com/casino/ContainerLauncher?pid=2&gid=testament&lang=en_GB&practice=1&channel=desktop&demo=2,testament.webp
that-s-rich,That's Rich,https://asccw.playngonetwork.com/casino/ContainerLauncher?pid=2&gid=thatsrich&lang=en_GB&practice=1&channel=desktop&demo=2,that’s-rich.webp
the-faces-of-freya,The Faces of Freya,https://asccw.playngonetwork.com/casino/ContainerLauncher?pid=2&gid=thefacesoffreya&lang=en_GB&practice=1&channel=desktop&demo=2,the-faces-of-freya.webp
the-green-knight,The Green Knight,https://asccw.playngonetwork.com/casino/ContainerLauncher?pid=2&gid=thegreenknight&lang=en_GB&practice=1&channel=desktop&demo=2,the-green-knight.webp
the-last-sundown,The Last Sundown,https://asccw.playngonetwork.com/casino/ContainerLauncher?pid=2&gid=thelastsundown&lang=en_GB&practice=1&channel=desktop&demo=2,the-last-sundown.webp
the-paying-piano-club,The Paying Piano Club,https://asccw.playngonetwork.com/casino/ContainerLauncher?pid=2&gid=thepayingpianoclub&lang=en_GB&practice=1&channel=desktop&demo=2,the-paying-piano-club.webp
the-sword-and-the-grail,The Sword and The Grail,https://asccw.playngonetwork.com/casino/ContainerLauncher?pid=2&gid=theswordandthegrail&lang=en_GB&practice=1&channel=desktop&demo=2,the-sword-and-the-grail.webp
the-sword-and-the-grail-excalibur,The Sword and the Grail Excalibur,https://asccw.playngonetwork.com/casino/ContainerLauncher?pid=2&gid=excalibur&lang=en_GB&practice=1&channel=desktop&demo=2,the-sword-and-the-grail-excalibur.webp
the-wild-class,The Wild Class,https://asccw.playngonetwork.com/casino/ContainerLauncher?pid=2&gid=thewildclass&lang=en_GB&practice=1&channel=desktop&demo=2,the-wild-class.webp
thunder-screech,Thunder Screech,https://asccw.playngonetwork.com/casino/ContainerLauncher?pid=2&gid=thunderscreech&lang=en_GB&practice=1&channel=desktop&demo=2,thunder-screech.webp
tomb-of-gold,Tomb of Gold,https://asccw.playngonetwork.com/casino/ContainerLauncher?pid=2&gid=tombofgold&lang=en_GB&practice=1&channel=desktop&demo=2,tomb-of-gold.webp
tower-quest,Tower Quest,https://asccw.playngonetwork.com/casino/ContainerLauncher?pid=2&gid=towerquest&lang=en_GB&practice=1&channel=desktop&demo=2,tower-quest.webp
troll-hunters,Troll Hunters,https://asccw.playngonetwork.com/casino/ContainerLauncher?pid=2&gid=trollhunters&lang=en_GB&practice=1&channel=desktop&demo=2,troll-hunters.webp
troll-hunters-2,Troll Hunters 2,https://asccw.playngonetwork.com/casino/ContainerLauncher?pid=2&gid=trollhunters2&lang=en_GB&practice=1&channel=desktop&demo=2,troll-hunters-2.webp
twisted-sister,Twisted Sister,https://asccw.playngonetwork.com/casino/ContainerLauncher?pid=2&gid=twistedsister&lang=en_GB&practice=1&channel=desktop&demo=2,twisted-sister.webp
undefeated-xerxes,Undefeated Xerxes,https://asccw.playngonetwork.com/casino/ContainerLauncher?pid=2&gid=undefeatedxerxes&lang=en_GB&practice=1&channel=desktop&demo=2,undefeated-xerxes.webp
usa-flip,USA Flip,https://asccw.playngonetwork.com/casino/ContainerLauncher?pid=2&gid=usaflip&lang=en_GB&practice=1&channel=desktop&demo=2,usa-flip.webp
viking-runecraft,Viking Runecraft,https://asccw.playngonetwork.com/casino/ContainerLauncher?pid=2&gid=vikingrunecraft&lang=en_GB&practice=1&channel=desktop&demo=2,viking-runecraft.webp
viking-runecraft-100,Viking Runecraft 100,https://asccw.playngonetwork.com/casino/ContainerLauncher?pid=2&gid=vikingrunecraft100&lang=en_GB&practice=1&channel=desktop&demo=2,viking-runecraft-100.webp
viking-runecraft-bingo,Viking Runecraft Bingo,https://asccw.playngonetwork.com/casino/ContainerLauncher?pid=2&gid=vikingrunecraftbingo&lang=en_GB&practice=1&channel=desktop&demo=2,viking-runecraft-bingo.webp
viking-runecraft-apocalypse,Viking Runecraft: Apocalypse,https://asccw.playngonetwork.com/casino/ContainerLauncher?pid=2&gid=vikingapocalypse&lang=en_GB&practice=1&channel=desktop&demo=2,viking-runecraft--apocalypse.webp
whispering-winds,Whispering Winds,https://asccw.playngonetwork.com/casino/ContainerLauncher?pid=2&gid=whisperingwinds&lang=en_GB&practice=1&channel=desktop&demo=2,whispering-winds.webp
wild-bandolier,Wild Bandolier,https://asccw.playngonetwork.com/casino/ContainerLauncher?pid=2&gid=wildbandolier&lang=en_GB&practice=1&channel=desktop&demo=2,wild-bandolier.webp
wild-blood,Wild Blood,https://asccw.playngonetwork.com/casino/ContainerLauncher?pid=2&gid=wildblood&lang=en_GB&practice=1&channel=desktop&demo=2,wild-blood.webp
wild-blood-2,Wild Blood 2,https://asccw.playngonetwork.com/casino/ContainerLauncher?pid=2&gid=wildblood2&lang=en_GB&practice=1&channel=desktop&demo=2,wild-blood-2.webp
wild-falls,Wild Falls,https://asccw.playngonetwork.com/casino/ContainerLauncher?pid=2&gid=wildfalls&lang=en_GB&practice=1&channel=desktop&demo=2,wild-falls.webp
wild-falls-2,Wild Falls 2,https://asccw.playngonetwork.com/casino/ContainerLauncher?pid=2&gid=wildfalls2&lang=en_GB&practice=1&channel=desktop&demo=2,wild-falls-2.webp
wild-frames,Wild Frames,https://asccw.playngonetwork.com/casino/ContainerLauncher?pid=2&gid=wildframes&lang=en_GB&practice=1&channel=desktop&demo=2,wild-frames.webp
wild-melon,Wild Melon,https://asccw.playngonetwork.com/casino/ContainerLauncher?pid=2&gid=wildmelon&lang=en_GB&practice=1&channel=desktop&demo=2,wild-melon.webp
wild-north,Wild North,https://asccw.playngonetwork.com/casino/ContainerLauncher?pid=2&gid=wildnorth&lang=en_GB&practice=1&channel=desktop&demo=2,wild-north.webp
wild-rails,Wild Rails,https://asccw.playngonetwork.com/casino/ContainerLauncher?pid=2&gid=wildrails&lang=en_GB&practice=1&channel=desktop&demo=2,wild-rails.webp
wild-survivor,Wild Survivor,https://asccw.playngonetwork.com/casino/ContainerLauncher?pid=2&gid=wildsurvivor&lang=en_GB&practice=1&channel=desktop&demo=2,wild-survivor-.webp
wild-trigger,Wild Trigger,https://asccw.playngonetwork.com/casino/ContainerLauncher?pid=2&gid=wildtrigger&lang=en_GB&practice=1&channel=desktop&demo=2,wild-trigger.webp
wildest-gambit,Wildest Gambit,https://asccw.playngonetwork.com/casino/ContainerLauncher?pid=2&gid=wildestgambit&lang=en_GB&practice=1&channel=desktop&demo=2,wildest-gambit.webp
wildhound-derby,Wildhound Derby,https://asccw.playngonetwork.com/casino/ContainerLauncher?pid=2&gid=wildhoundderby&lang=en_GB&practice=1&channel=desktop&demo=2,wildhound-derby.webp
win-a-beest,win a beest,https://asccw.playngonetwork.com/casino/ContainerLauncher?pid=2&gid=winabeest&lang=en_GB&practice=1&channel=desktop&demo=2,win-a-beest.webp
wizard-of-gems,Wizard of Gems,https://asccw.playngonetwork.com/casino/ContainerLauncher?pid=2&gid=wizardofgems&lang=en_GB&practice=1&channel=desktop&demo=2,wizard-of-gems.webp
xmas-joker,Xmas Joker,https://asccw.playngonetwork.com/casino/ContainerLauncher?pid=2&gid=christmasjoker&lang=en_GB&practice=1&channel=desktop&demo=2,xmas-joker.webp
xmas-magic,Xmas Magic,https://asccw.playngonetwork.com/casino/ContainerLauncher?pid=2&gid=xmasmagic&lang=en_GB&practice=1&channel=desktop&demo=2,xmas-magic.webp
zz-top-roadside-riches,ZZ Top Roadside Riches,https://asccw.playngonetwork.com/casino/ContainerLauncher?pid=2&gid=zztoproadside&lang=en_GB&practice=1&channel=desktop&demo=2,zz-top-roadside-riches.webp
